CHAIN,store_type,year,week,L4,L5,VOL_EQ,PACKAGE,units,price,display_minor,display_major,feature_small,feature_medium,feature_large,coupon
161,GROC,2008,1479,COCA COLA CO,COKE CLASSIC,0.3521,BOTTLE,2503,1.689045146,0.086695965,0.422692769,0,0,0,0
161,GROC,2008,1480,COCA COLA CO,COKE CLASSIC,0.3521,BOTTLE,1447,1.680697996,0.078092605,0.486523842,0,0,0,0
161,GROC,2008,1481,COCA COLA CO,COKE CLASSIC,0.3521,BOTTLE,2617,1.39,0.100878869,0.547573558,0,0,0,0
161,GROC,2008,1482,COCA COLA CO,COKE CLASSIC,0.3521,BOTTLE,1581,1.667938014,0.086654016,0.55028463,0,0,0,0
161,GROC,2008,1483,COCA COLA CO,COKE CLASSIC,0.3521,BOTTLE,5921,1.248900524,0.077520689,0.66661037,0,1,0,0
161,GROC,2008,1484,COCA COLA CO,COKE CLASSIC,0.3521,BOTTLE,1817,1.671254816,0.067143643,0.459548707,0,0,0,0
161,GROC,2008,1485,COCA COLA CO,COKE CLASSIC,0.3521,BOTTLE,5277,1.248152359,0,0.78586318,0,1,0,0
161,GROC,2008,1486,COCA COLA CO,COKE CLASSIC,0.3521,BOTTLE,1560,1.678935897,0.088461538,0.494871795,0,0,0,0
161,GROC,2008,1487,COCA COLA CO,COKE CLASSIC,0.3521,BOTTLE,4785,1.25,0.089655172,0.532915361,0,0,1,0
161,GROC,2008,1488,COCA COLA CO,COKE CLASSIC,0.3521,BOTTLE,1487,1.665622058,0.07464694,0.270342972,0,0,0,0
161,GROC,2008,1489,COCA COLA CO,COKE CLASSIC,0.3521,BOTTLE,8245,0.99,0.06464524,0.501637356,0,1,0,0
161,GROC,2008,1490,COCA COLA CO,COKE CLASSIC,0.3521,BOTTLE,2011,1.651034311,0.090004973,0.385877673,0,0,0,0
161,GROC,2008,1491,COCA COLA CO,COKE CLASSIC,0.3521,BOTTLE,4595,1.249051143,0.069205658,0.792818281,0,0.220892274,0.779107726,0
161,GROC,2008,1492,COCA COLA CO,COKE CLASSIC,0.3521,BOTTLE,2048,1.685546875,0.378417969,0.279296875,0,0,0,0
161,GROC,2008,1493,COCA COLA CO,COKE CLASSIC,0.3521,BOTTLE,8383,1.25,0.13253012,0.715614935,0,0,0,0
161,GROC,2008,1494,COCA COLA CO,COKE CLASSIC,0.3521,BOTTLE,3131,1.662392207,0.035771319,0.810923028,0,0,0,0
161,GROC,2008,1495,COCA COLA CO,COKE CLASSIC,0.3521,BOTTLE,5538,1.25,0.202780787,0.760021668,0,1,0,0
161,GROC,2008,1496,COCA COLA CO,COKE CLASSIC,0.3521,BOTTLE,1881,1.490871877,0.058479532,0.636895268,0,0,0,0
161,GROC,2008,1497,COCA COLA CO,COKE CLASSIC,0.3521,BOTTLE,5751,1.25,0.085898105,0.6885759,0,1,0,0
161,GROC,2008,1498,COCA COLA CO,COKE CLASSIC,0.3521,BOTTLE,1864,1.491169528,0,0.481759657,0,0,0,0
161,GROC,2008,1499,COCA COLA CO,COKE CLASSIC,0.3521,BOTTLE,9696,1,0.056930693,0.897586634,0,1,0,0
161,GROC,2008,1500,COCA COLA CO,COKE CLASSIC,0.3521,BOTTLE,2241,1.491825078,0.080321285,0.683623382,0,0,0,0
161,GROC,2008,1501,COCA COLA CO,COKE CLASSIC,0.3521,BOTTLE,8892,1,0.055780477,0.910368871,0,1,0,0
161,GROC,2008,1502,COCA COLA CO,COKE CLASSIC,0.3521,BOTTLE,1980,1.490277778,0.074242424,0.512626263,0,0,0,0
161,GROC,2008,1503,COCA COLA CO,COKE CLASSIC,0.3521,BOTTLE,5055,1.249372898,0.072205737,0.661523244,0,1,0,0
161,GROC,2008,1504,COCA COLA CO,COKE CLASSIC,0.3521,BOTTLE,1759,1.495508812,0.089823764,0.504263786,0,0,0,0
161,GROC,2008,1505,COCA COLA CO,COKE CLASSIC,0.3521,BOTTLE,6231,1.24854919,0.079281014,0.743861338,0,1,0,0
161,GROC,2008,1506,COCA COLA CO,COKE CLASSIC,0.3521,BOTTLE,1484,1.5,0.091644205,0.491239892,0,0,0,0
161,GROC,2008,1507,COCA COLA CO,COKE CLASSIC,0.3521,BOTTLE,1586,1.500510719,0.085119798,0.51261034,0,0,0,0
161,GROC,2008,1508,COCA COLA CO,COKE CLASSIC,0.3521,BOTTLE,3473,1.33,0.065649295,0.63057875,0,1,0,0
161,GROC,2008,1509,COCA COLA CO,COKE CLASSIC,0.3521,BOTTLE,1716,1.490314685,0.078088578,0.404428904,0,0,0,0
161,GROC,2008,1510,COCA COLA CO,COKE CLASSIC,0.3521,BOTTLE,4521,1.25,0.084052201,0.452554745,0,1,0,0
161,GROC,2008,1511,COCA COLA CO,COKE CLASSIC,0.3521,BOTTLE,1761,1.493685406,0.073821692,0.540034072,0,0,0,0
161,GROC,2008,1512,COCA COLA CO,COKE CLASSIC,0.3521,BOTTLE,4273,1.25,0,0.67423356,0,1,0,0
161,GROC,2008,1513,COCA COLA CO,COKE CLASSIC,0.3521,BOTTLE,1743,1.492880092,0.084911073,0.510040161,0,0,0,0
161,GROC,2008,1514,COCA COLA CO,COKE CLASSIC,0.3521,BOTTLE,4663,1.33,0.069268711,0.74758739,0,1,0,0
161,GROC,2008,1515,COCA COLA CO,COKE CLASSIC,0.3521,BOTTLE,1689,1.495210184,0.079336886,0.494967436,0,0,0,0
161,GROC,2008,1516,COCA COLA CO,COKE CLASSIC,0.3521,BOTTLE,4232,1.33,0.069706994,0.809782609,0,1,0,0
161,GROC,2008,1517,COCA COLA CO,COKE CLASSIC,0.3521,BOTTLE,2001,1.502553723,0.067966017,0.515242379,0,0,0,0
161,GROC,2008,1518,COCA COLA CO,COKE CLASSIC,0.3521,BOTTLE,2673,1.5,0.081930415,0.502057613,0,1,0,0
161,GROC,2008,1519,COCA COLA CO,COKE CLASSIC,0.3521,BOTTLE,1890,1.647,0.071957672,0.51957672,0,0.094708995,0,0
161,GROC,2008,1520,COCA COLA CO,COKE CLASSIC,0.3521,BOTTLE,4452,1.33,0.08984726,0.650269542,0,1,0,0
161,GROC,2008,1521,COCA COLA CO,COKE CLASSIC,0.3521,BOTTLE,1727,1.654580197,0.083381587,0.367110596,0,0,0,0
161,GROC,2008,1522,COCA COLA CO,COKE CLASSIC,0.3521,BOTTLE,3687,1.39,0.077841063,0.660157309,0,0,1,0
161,GROC,2008,1523,COCA COLA CO,COKE CLASSIC,0.3521,BOTTLE,1844,1.651361171,0,0.639913232,0,0,0,0
161,GROC,2008,1524,COCA COLA CO,COKE CLASSIC,0.3521,BOTTLE,4248,1.328043785,0,0.838512241,0,1,0,0
161,GROC,2008,1525,COCA COLA CO,COKE CLASSIC,0.3521,BOTTLE,7797,1.25,0.059253559,0.902654867,0,0,1,0
161,GROC,2008,1526,COCA COLA CO,COKE CLASSIC,0.3521,BOTTLE,3564,1.655872615,0.062008979,0.649270483,0,0,0,0
161,GROC,2008,1527,COCA COLA CO,COKE CLASSIC,0.3521,BOTTLE,4313,1.328242523,0,0.745652678,0,1,0,0
161,GROC,2008,1528,COCA COLA CO,COKE CLASSIC,0.3521,BOTTLE,15759,0.8,0.191446158,0.765594264,0,1,0,0
161,GROC,2008,1529,COCA COLA CO,COKE CLASSIC,0.3521,BOTTLE,2526,1.651741884,0.077593032,0.368566904,0,0,0,0
161,GROC,2008,1530,COCA COLA CO,COKE CLASSIC,0.3521,BOTTLE,11482,1.25,0,0.892788713,0,1,0,0
161,GROC,2009,1531,COCA COLA CO,COKE CLASSIC,0.3521,BOTTLE,7679,1.33,0,0.786039849,0,1,0,0
161,GROC,2009,1532,COCA COLA CO,COKE CLASSIC,0.3521,BOTTLE,1852,1.660853132,0,0.580453564,0,0,0,0
161,GROC,2009,1533,COCA COLA CO,COKE CLASSIC,0.3521,BOTTLE,1771,1.642727273,0,0.623941276,0,0,0,0
161,GROC,2009,1534,COCA COLA CO,COKE CLASSIC,0.3521,BOTTLE,2715,1.486202578,0,0.891344383,0,0,1,0
161,GROC,2009,1535,COCA COLA CO,COKE CLASSIC,0.3521,BOTTLE,5088,1.33,0,0.785180818,0,0,1,0
161,GROC,2009,1536,COCA COLA CO,COKE CLASSIC,0.3521,BOTTLE,2213,1.658255761,0,0.545413466,0,0,0,0
161,GROC,2009,1537,COCA COLA CO,COKE CLASSIC,0.3521,BOTTLE,4186,1.33,0,0.630195891,0,1,0,0
161,GROC,2009,1538,COCA COLA CO,COKE CLASSIC,0.3521,BOTTLE,1934,1.644643226,0,0.498448811,0,0,0,0
161,GROC,2009,1539,COCA COLA CO,COKE CLASSIC,0.3521,BOTTLE,4562,1.33,0.126260412,0.736738273,0,1,0,0
161,GROC,2009,1540,COCA COLA CO,COKE CLASSIC,0.3521,BOTTLE,2033,1.64847516,0.225282833,0.517461879,0,0,0,0
161,GROC,2009,1541,COCA COLA CO,COKE CLASSIC,0.3521,BOTTLE,4851,1.33,0,0.59286745,0,1,0,0
161,GROC,2009,1542,COCA COLA CO,COKE CLASSIC,0.3521,BOTTLE,2252,1.649631439,0,0.59946714,0,0,0,0
161,GROC,2009,1543,COCA COLA CO,COKE CLASSIC,0.3521,BOTTLE,4792,1.33,0,0.637312187,0,1,0,0
161,GROC,2009,1544,COCA COLA CO,COKE CLASSIC,0.3521,BOTTLE,2626,1.64916984,0,0.589108911,0,1,0,0
161,GROC,2009,1545,COCA COLA CO,COKE CLASSIC,0.3521,BOTTLE,11156,1,0.054410183,0.697651488,0,1,0,0
161,GROC,2009,1546,COCA COLA CO,COKE CLASSIC,0.3521,BOTTLE,2336,1.48827911,0.083047945,0.62114726,0,0,0,0
161,GROC,2009,1547,COCA COLA CO,COKE CLASSIC,0.3521,BOTTLE,3520,1.33,0,0.748863636,0,1,0,0
161,GROC,2009,1548,COCA COLA CO,COKE CLASSIC,0.3521,BOTTLE,2767,1.494116372,0,0.555113842,0,0,0,0
161,GROC,2009,1549,COCA COLA CO,COKE CLASSIC,0.3521,BOTTLE,4950,1.33,0,0.894545455,0,1,0,0
161,GROC,2009,1550,COCA COLA CO,COKE CLASSIC,0.3521,BOTTLE,2695,1.491777365,0.105009276,0.423747681,0,0,1,0
161,GROC,2009,1551,COCA COLA CO,COKE CLASSIC,0.3521,BOTTLE,10220,1,0,0.773385519,0,1,0,0
161,GROC,2009,1552,COCA COLA CO,COKE CLASSIC,0.3521,BOTTLE,2627,1.495770841,0,0.494480396,0,0,0,0
161,GROC,2009,1553,COCA COLA CO,COKE CLASSIC,0.3521,BOTTLE,4008,1.33,0,0.876996008,0,1,0,0
161,GROC,2009,1554,COCA COLA CO,COKE CLASSIC,0.3521,BOTTLE,2410,1.493112033,0,0.530705394,0,0,0,0
161,GROC,2009,1555,COCA COLA CO,COKE CLASSIC,0.3521,BOTTLE,4197,1.33,0,0.64617584,0,1,0,0
161,GROC,2009,1556,COCA COLA CO,COKE CLASSIC,0.3521,BOTTLE,7685,1,0,0.82914769,0,1,0,0
161,GROC,2009,1557,COCA COLA CO,COKE CLASSIC,0.3521,BOTTLE,2470,1.495870445,0,0.492307692,0,0,0,0
161,GROC,2009,1558,COCA COLA CO,COKE CLASSIC,0.3521,BOTTLE,3564,1.33,0,0.789281706,0,1,0,0
161,GROC,2009,1559,COCA COLA CO,COKE CLASSIC,0.3521,BOTTLE,2859,1.5,0.082546345,0.727177335,1,0,0,0
161,GROC,2009,1560,COCA COLA CO,COKE CLASSIC,0.3521,BOTTLE,2244,1.492228164,0.081550802,0.547682709,0,0,0,0
161,GROC,2009,1561,COCA COLA CO,COKE CLASSIC,0.3521,BOTTLE,3747,1.328734988,0.079263411,0.740325594,0,1,0,0
161,GROC,2009,1562,COCA COLA CO,COKE CLASSIC,0.3521,BOTTLE,2406,1.496151288,0.087697423,0.519950125,0,0,0,0
161,GROC,2009,1563,COCA COLA CO,COKE CLASSIC,0.3521,BOTTLE,4002,1.33,0.082958521,0.643178411,0,1,0,0
161,GROC,2009,1564,COCA COLA CO,COKE CLASSIC,0.3521,BOTTLE,2414,1.498529412,0,0.507456504,0,0,0,0
161,GROC,2009,1565,COCA COLA CO,COKE CLASSIC,0.3521,BOTTLE,1688,1.649638626,0.073459716,0.5,0,0,0,0
161,GROC,2009,1566,COCA COLA CO,COKE CLASSIC,0.3521,BOTTLE,7605,1.33,0.072189349,0.758711374,0,1,0,0
161,GROC,2009,1567,COCA COLA CO,COKE CLASSIC,0.3521,BOTTLE,1632,1.651213235,0.093137255,0.408088235,0,0,0,0
161,GROC,2009,1568,COCA COLA CO,COKE CLASSIC,0.3521,BOTTLE,3858,1.33,0.067392431,0.55624676,0,1,0,0
161,GROC,2009,1569,COCA COLA CO,COKE CLASSIC,0.3521,BOTTLE,1790,1.652916201,0.075977654,0.527374302,0,0,0,0
161,GROC,2009,1570,COCA COLA CO,COKE CLASSIC,0.3521,BOTTLE,4236,1.33,0.081444759,0.740557129,0,1,0,0
161,GROC,2009,1571,COCA COLA CO,COKE CLASSIC,0.3521,BOTTLE,1864,1.648583691,0.079399142,0.549356223,0,0,0,0
161,GROC,2009,1572,COCA COLA CO,COKE CLASSIC,0.3521,BOTTLE,3916,1.33,0.072522983,0.525280899,0,1,0,0
161,GROC,2009,1573,COCA COLA CO,COKE CLASSIC,0.3521,BOTTLE,1868,1.644641328,0.086723769,0.540149893,0,0,0,0
161,GROC,2009,1574,COCA COLA CO,COKE CLASSIC,0.3521,BOTTLE,4091,1.33,0.298215595,0.643852359,0,1,0,0
161,GROC,2009,1575,COCA COLA CO,COKE CLASSIC,0.3521,BOTTLE,2066,1.652449177,0,0.597773475,0,0,0,0
161,GROC,2009,1576,COCA COLA CO,COKE CLASSIC,0.3521,BOTTLE,4232,1.33,0.073960302,0.757561437,0,1,0,0
161,GROC,2009,1577,COCA COLA CO,COKE CLASSIC,0.3521,BOTTLE,2197,1.65249431,0.076467911,0.453800637,0,1,0,0
161,GROC,2009,1578,COCA COLA CO,COKE CLASSIC,0.3521,BOTTLE,15015,1.329341991,0.065800866,0.838494838,0,1,0,0
161,GROC,2009,1579,COCA COLA CO,COKE CLASSIC,0.3521,BOTTLE,4247,1.327494702,0.077466447,0.756063103,0,1,0,0
161,GROC,2009,1580,COCA COLA CO,COKE CLASSIC,0.3521,BOTTLE,2370,1.651054852,0,0.513080169,0,1,0,0
161,GROC,2009,1581,COCA COLA CO,COKE CLASSIC,0.3521,BOTTLE,11750,1.33,0.070638298,0.683744681,0,0,0,0
161,GROC,2009,1582,COCA COLA CO,COKE CLASSIC,0.3521,BOTTLE,3997,1.651223418,0.058043533,0.458593945,0,0,0,0
161,GROC,2010,1583,COCA COLA CO,COKE CLASSIC,0.3521,BOTTLE,8094,1.33,0.070669632,0.871386212,0,0,0,0
161,GROC,2010,1584,COCA COLA CO,COKE CLASSIC,0.3521,BOTTLE,1537,1.661620039,0.112556929,0.441119063,0,0,0,0
161,GROC,2010,1585,COCA COLA CO,COKE CLASSIC,0.3521,BOTTLE,1773,1.652210942,0.072194021,0.500282008,0,0,0,0
161,GROC,2010,1586,COCA COLA CO,COKE CLASSIC,0.3521,BOTTLE,3077,1.496493338,0.075073123,0.735456614,0,1,0,0
161,GROC,2010,1587,COCA COLA CO,COKE CLASSIC,0.3521,BOTTLE,3064,1.33,0.075718016,0.872062663,0,1,0,0
161,GROC,2010,1588,COCA COLA CO,COKE CLASSIC,0.3521,BOTTLE,8086,1.327614395,0.05936186,0.881523621,0,1,0,0
161,GROC,2010,1589,COCA COLA CO,COKE CLASSIC,0.3521,BOTTLE,2277,1.652362758,0,0.520860782,0,0,0,0
161,GROC,2010,1590,COCA COLA CO,COKE CLASSIC,0.3521,BOTTLE,4170,1.330865707,0.076978417,0.752278177,0,0,1,0
161,GROC,2010,1591,COCA COLA CO,COKE CLASSIC,0.3521,BOTTLE,1815,1.652809917,0.159779614,0.342699725,0,0,0,0
161,GROC,2010,1592,COCA COLA CO,COKE CLASSIC,0.3521,BOTTLE,3858,1.333035251,0,0.38439606,0,1,0,0
161,GROC,2010,1593,COCA COLA CO,COKE CLASSIC,0.3521,BOTTLE,2514,1.655055688,0,0.778042959,0,0,0,0
161,GROC,2010,1594,COCA COLA CO,COKE CLASSIC,0.3521,BOTTLE,4983,1.333002208,0,0.699979932,0,0,0,0
161,GROC,2010,1595,COCA COLA CO,COKE CLASSIC,0.3521,BOTTLE,2499,1.654981993,0,0.601840736,0,0,0,0
161,GROC,2010,1596,COCA COLA CO,COKE CLASSIC,0.3521,BOTTLE,10098,1,0.056149733,0.830560507,0,1,0,0
161,GROC,2010,1597,COCA COLA CO,COKE CLASSIC,0.3521,BOTTLE,1783,1.654290522,0,0.605720695,0,0,0,0
161,GROC,2010,1598,COCA COLA CO,COKE CLASSIC,0.3521,BOTTLE,4216,1.332862903,0,0.787713472,0,1,0,0
161,GROC,2010,1599,COCA COLA CO,COKE CLASSIC,0.3521,BOTTLE,1691,1.653228859,0.049674749,0.345357776,0,0,0,0
161,GROC,2010,1600,COCA COLA CO,COKE CLASSIC,0.3521,BOTTLE,4023,1.332821278,0,0.873726075,0,1,0,0
161,GROC,2010,1601,COCA COLA CO,COKE CLASSIC,0.3521,BOTTLE,2340,1.649076923,0,0.535470085,0,0,0,0
161,GROC,2010,1602,COCA COLA CO,COKE CLASSIC,0.3521,BOTTLE,4193,1.333429525,0,0.888385404,0,1,0,0
161,GROC,2010,1603,COCA COLA CO,COKE CLASSIC,0.3521,BOTTLE,1676,1.653896181,0.08353222,0.49522673,0,0,0,0
161,GROC,2010,1604,COCA COLA CO,COKE CLASSIC,0.3521,BOTTLE,8980,1,0.059242762,0.896993318,0,1,0,0
161,GROC,2010,1605,COCA COLA CO,COKE CLASSIC,0.3521,BOTTLE,1783,1.784733595,0.093662367,0.38642737,0,0,0,0
161,GROC,2010,1606,COCA COLA CO,COKE CLASSIC,0.3521,BOTTLE,7552,1,0.071106992,0.926377119,0,1,0,0
161,GROC,2010,1607,COCA COLA CO,COKE CLASSIC,0.3521,BOTTLE,1848,1.777564935,0.071428571,0.461038961,0,1,0,0
161,GROC,2010,1608,COCA COLA CO,COKE CLASSIC,0.3521,BOTTLE,8124,1,0.066838996,0.894387001,0,1,0,0
161,GROC,2010,1609,COCA COLA CO,COKE CLASSIC,0.3521,BOTTLE,1801,1.585285952,0.06662965,0.5047196,0,0,0,0
161,GROC,2010,1610,COCA COLA CO,COKE CLASSIC,0.3521,BOTTLE,3269,1.390079535,0.061180789,0.743346589,0,1,0,0
161,GROC,2010,1611,COCA COLA CO,COKE CLASSIC,0.3521,BOTTLE,2854,1.39013665,0.072529783,0.634197617,1,0,0,0
161,GROC,2010,1612,COCA COLA CO,COKE CLASSIC,0.3521,BOTTLE,1636,1.586454768,0,0.465770171,0,0,0,0
161,GROC,2010,1613,COCA COLA CO,COKE CLASSIC,0.3521,BOTTLE,2870,1.39,0.051916376,0.668641115,0,1,0,0
161,GROC,2010,1614,COCA COLA CO,COKE CLASSIC,0.3521,BOTTLE,1892,1.585671247,0.075052854,0.416490486,0,0,0,0
161,GROC,2010,1615,COCA COLA CO,COKE CLASSIC,0.3521,BOTTLE,7740,1,0,0.672739018,0,1,0,0
161,GROC,2010,1616,COCA COLA CO,COKE CLASSIC,0.3521,BOTTLE,2023,1.59,0.15274345,0.620860109,0,1,0,0
161,GROC,2010,1617,COCA COLA CO,COKE CLASSIC,0.3521,BOTTLE,1611,1.584512725,0.103662322,0.479205462,0,0,0,0
161,GROC,2010,1618,COCA COLA CO,COKE CLASSIC,0.3521,BOTTLE,8527,1,0.193502991,0.759469919,0,1,0,0
161,GROC,2010,1619,COCA COLA CO,COKE CLASSIC,0.3521,BOTTLE,2129,1.583677783,0.212306247,0.356035698,0,0,0,0
161,GROC,2010,1620,COCA COLA CO,COKE CLASSIC,0.3521,BOTTLE,3710,1.332665768,0.076010782,0.579784367,0,1,0,0
161,GROC,2010,1621,COCA COLA CO,COKE CLASSIC,0.3521,BOTTLE,2021,1.582746165,0.087085601,0.51410193,0,1,0,0
161,GROC,2010,1622,COCA COLA CO,COKE CLASSIC,0.3521,BOTTLE,3406,1.389938344,0,0.67498532,0,1,0,0
161,GROC,2010,1623,COCA COLA CO,COKE CLASSIC,0.3521,BOTTLE,1671,1.584679832,0,0.422501496,0,0,0,0
161,GROC,2010,1624,COCA COLA CO,COKE CLASSIC,0.3521,BOTTLE,3839,1.332930451,0.056525137,0.813232613,0,0,1,0
161,GROC,2010,1625,COCA COLA CO,COKE CLASSIC,0.3521,BOTTLE,1944,1.585226337,0.207304527,0.378600823,0,0,0,0
161,GROC,2010,1626,COCA COLA CO,COKE CLASSIC,0.3521,BOTTLE,3811,1.332789294,0.220939386,0.669640514,0,1,0,0
161,GROC,2010,1627,COCA COLA CO,COKE CLASSIC,0.3521,BOTTLE,2039,1.583315351,0.076017656,0.606669936,0,0,0,0
161,GROC,2010,1628,COCA COLA CO,COKE CLASSIC,0.3521,BOTTLE,4394,1.332801548,0.087619481,0.576467911,0,1,0,0
161,GROC,2010,1629,COCA COLA CO,COKE CLASSIC,0.3521,BOTTLE,1914,1.580898642,0.073145246,0.50522466,0,0,1,0
161,GROC,2010,1630,COCA COLA CO,COKE CLASSIC,0.3521,BOTTLE,14452,1,0.181981733,0.708483255,0,1,0,0
161,GROC,2010,1631,COCA COLA CO,COKE CLASSIC,0.3521,BOTTLE,4058,1.330325283,0.120995564,0.877279448,0,1,0,0
161,GROC,2010,1632,COCA COLA CO,COKE CLASSIC,0.3521,BOTTLE,2254,1.584924579,0,0.510204082,0,0,0,0
161,GROC,2010,1633,COCA COLA CO,COKE CLASSIC,0.3521,BOTTLE,11793,1,0.071313491,0.922581192,0,1,0,0
161,GROC,2010,1634,COCA COLA CO,COKE CLASSIC,0.3521,BOTTLE,4455,1.481820426,0.202244669,0.43973064,0,1,0,0
161,GROC,2011,1635,COCA COLA CO,COKE CLASSIC,0.3521,BOTTLE,7835,1.332949585,0.241352904,0.639948947,0,0,1,0
161,GROC,2011,1636,COCA COLA CO,COKE CLASSIC,0.3521,BOTTLE,1915,1.589963446,0.228720627,0.356657963,0,0,0,0
161,GROC,2011,1637,COCA COLA CO,COKE CLASSIC,0.3521,BOTTLE,1681,1.584158239,0.140392623,0.365853659,0,0,0,0
161,GROC,2011,1638,COCA COLA CO,COKE CLASSIC,0.3521,BOTTLE,2864,1.388463687,0.078212291,0.731145251,1,0,0,0
161,GROC,2011,1639,COCA COLA CO,COKE CLASSIC,0.3521,BOTTLE,3455,1.330017366,0.075542692,0.850940666,0,0,1,0
161,GROC,2011,1640,COCA COLA CO,COKE CLASSIC,0.3521,BOTTLE,9745,1,0,0.93699333,0,1,0,0
161,GROC,2011,1641,COCA COLA CO,COKE CLASSIC,0.3521,BOTTLE,2156,1.58627551,0.077922078,0.576530612,0,0,0,0
161,GROC,2011,1642,COCA COLA CO,COKE CLASSIC,0.3521,BOTTLE,3722,1.500021494,0,0.692907039,0,1,0,0
161,GROC,2011,1643,COCA COLA CO,COKE CLASSIC,0.3521,BOTTLE,1781,1.778113419,0.105558675,0.528354857,0,0,0,0
161,GROC,2011,1644,COCA COLA CO,COKE CLASSIC,0.3521,BOTTLE,3204,1.500558677,0.080524345,0.583333333,0,1,0,0
161,GROC,2011,1645,COCA COLA CO,COKE CLASSIC,0.3521,BOTTLE,1768,1.781770362,0.332013575,0.521493213,0,1,0,0
161,GROC,2011,1646,COCA COLA CO,COKE CLASSIC,0.3521,BOTTLE,3883,1.499742467,0.188256503,0.480556271,0,1,0,0
161,GROC,2011,1647,COCA COLA CO,COKE CLASSIC,0.3521,BOTTLE,1603,1.783306301,0.210230817,0.361821585,0,0,0,0
161,GROC,2011,1648,COCA COLA CO,COKE CLASSIC,0.3521,BOTTLE,10605,1,0.04582744,0.952946723,0,0,1,0
161,GROC,2011,1649,COCA COLA CO,COKE CLASSIC,0.3521,BOTTLE,2241,1.778451584,0.065595716,0.794734494,0,0,0,0
161,GROC,2011,1650,COCA COLA CO,COKE CLASSIC,0.3521,BOTTLE,11491,1,0.051431555,0.763554086,0,1,0,0
161,GROC,2011,1651,COCA COLA CO,COKE CLASSIC,0.3521,BOTTLE,3989,1.501682126,0.06217097,0.615693156,0,1,0,0
161,GROC,2011,1652,COCA COLA CO,COKE CLASSIC,0.3521,BOTTLE,3167,1.500315756,0.069782128,0.778339122,0,1,0,0
161,GROC,2011,1653,COCA COLA CO,COKE CLASSIC,0.3521,BOTTLE,2024,1.774500988,0.082509881,0.491106719,0,0,0,0
161,GROC,2011,1654,COCA COLA CO,COKE CLASSIC,0.3521,BOTTLE,4158,1.500069745,0.08008658,0.872294372,0,1,0,0
161,GROC,2011,1655,COCA COLA CO,COKE CLASSIC,0.3521,BOTTLE,1665,1.782666667,0.067867868,0.493093093,0,0.897897898,0,0
161,GROC,2011,1656,COCA COLA CO,COKE CLASSIC,0.3521,BOTTLE,9997,1,0.054216265,0.766529959,0,1,0,0
161,GROC,2011,1657,COCA COLA CO,COKE CLASSIC,0.3521,BOTTLE,1810,1.781513812,0.06519337,0.487292818,0,0,0,0
161,GROC,2011,1658,COCA COLA CO,COKE CLASSIC,0.3521,BOTTLE,9502,1,0.051568091,0.947274258,0,0,1,0
161,GROC,2011,1659,COCA COLA CO,COKE CLASSIC,0.3521,BOTTLE,1827,1.778210181,0.078817734,0.48166393,0,0,0,0
161,GROC,2011,1660,COCA COLA CO,COKE CLASSIC,0.3521,BOTTLE,8847,1,0.066463208,0.639086696,0,0,1,0
161,GROC,2011,1661,COCA COLA CO,COKE CLASSIC,0.3521,BOTTLE,1735,1.777827089,0.080691643,0.414985591,0,0,0,0
161,GROC,2011,1662,COCA COLA CO,COKE CLASSIC,0.3521,BOTTLE,3574,1.497761612,0.076105204,0.648573027,0,1,0,0
161,GROC,2011,1663,COCA COLA CO,COKE CLASSIC,0.3521,BOTTLE,3196,1.500156446,0.090738423,0.751564456,1,0,0,0
161,GROC,2011,1664,COCA COLA CO,COKE CLASSIC,0.3521,BOTTLE,1558,1.78042362,0.071245186,0.449935815,0,0,0,0
161,GROC,2011,1665,COCA COLA CO,COKE CLASSIC,0.3521,BOTTLE,3528,1.497888322,0.077097506,0.586734694,0,1,0,0
161,GROC,2011,1666,COCA COLA CO,COKE CLASSIC,0.3521,BOTTLE,1853,1.779514301,0.164058284,0.329195899,0,0,0,0
161,GROC,2011,1667,COCA COLA CO,COKE CLASSIC,0.3521,BOTTLE,3777,1.500153561,0.086841409,0.749271909,0,1,0,0
161,GROC,2011,1668,COCA COLA CO,COKE CLASSIC,0.3521,BOTTLE,1852,1.786711663,0.074514039,0.521058315,0,0,0,0
161,GROC,2011,1669,COCA COLA CO,COKE CLASSIC,0.3521,BOTTLE,2007,1.778006976,0,0.39262581,0,0,0,0
161,GROC,2011,1670,COCA COLA CO,COKE CLASSIC,0.3521,BOTTLE,4321,1.25,0,0.935663041,0,1,0,0
161,GROC,2011,1671,COCA COLA CO,COKE CLASSIC,0.3521,BOTTLE,1362,1.780359765,0.101321586,0.453010279,0,0,0,0
161,GROC,2011,1672,COCA COLA CO,COKE CLASSIC,0.3521,BOTTLE,3308,1.500151149,0.108222491,0.550785973,0,1,0,0
161,GROC,2011,1673,COCA COLA CO,COKE CLASSIC,0.3521,BOTTLE,1677,1.780488968,0.086463924,0.45915325,0,1,0,0
161,GROC,2011,1674,COCA COLA CO,COKE CLASSIC,0.3521,BOTTLE,3770,1.499923077,0.083819629,0.296551724,0,0,1,0
161,GROC,2011,1675,COCA COLA CO,COKE CLASSIC,0.3521,BOTTLE,1578,1.780627376,0.086818758,0.374524715,0,0,0,0
161,GROC,2011,1676,COCA COLA CO,COKE CLASSIC,0.3521,BOTTLE,3815,1.499923984,0.077326343,0.731061599,0,1,0,0
161,GROC,2011,1677,COCA COLA CO,COKE CLASSIC,0.3521,BOTTLE,1504,1.781515957,0.07912234,0.478723404,0,0,0,0
161,GROC,2011,1678,COCA COLA CO,COKE CLASSIC,0.3521,BOTTLE,3503,1.5,0.181273194,0.423636883,0,1,0,0
161,GROC,2011,1679,COCA COLA CO,COKE CLASSIC,0.3521,BOTTLE,1666,1.772244898,0.088835534,0.31392557,0,0,0,0
161,GROC,2011,1680,COCA COLA CO,COKE CLASSIC,0.3521,BOTTLE,3945,1.5,0.077820025,0.581495564,0,1,0,0
161,GROC,2011,1681,COCA COLA CO,COKE CLASSIC,0.3521,BOTTLE,1839,1.784480696,0.073953235,0.644371941,0,0,0,0
161,GROC,2011,1682,COCA COLA CO,COKE CLASSIC,0.3521,BOTTLE,17810,1,0,0.94604155,0,0,1,0
161,GROC,2011,1683,COCA COLA CO,COKE CLASSIC,0.3521,BOTTLE,3174,1.500066163,0.069628229,0.520793951,0,1,0,0
161,GROC,2011,1684,COCA COLA CO,COKE CLASSIC,0.3521,BOTTLE,1841,1.779304726,0.219989136,0.431830527,0,0,0,0
161,GROC,2011,1685,COCA COLA CO,COKE CLASSIC,0.3521,BOTTLE,21540,0.89,0.047075209,0.79461467,0,0,1,0
161,GROC,2011,1686,COCA COLA CO,COKE CLASSIC,0.3521,BOTTLE,3683,1.778457779,0.076839533,0.528102091,0,0,0,0
